accuracy,f1,model
0.5779014308426074,0.5139305923272679,Logistic Regression
0.8394276629570747,0.8386449482369698,Random Forest
0.8243243243243243,0.8237221312636035,Gradient-Boosted Trees
